phase,date,day_of_experiment,content_published,channel,impressions,engagements,new_wechat_contacts,free_value_delivered,offers_made,paid_conversions_new_cny,paid_conversions_new_usd,revenue_daily_cny,revenue_cumulative_cny,revenue_daily_usd,revenue_cumulative_usd,acquisition_actions_done,notes
1,2026-05-21,1,"Pilot Issue #1 repost: Long Context vs RAG","Substack+Twitter+LinkedIn+Reddit",0,0,0,0,0,0,0,0,0,0,0,"Twitter thread(0),LinkedIn post(0),Reddit share(0)","PHASE1: BLOCKED_BY_USER. Cloudflare auth + payment channel missing. Funnel broken."
1,2026-05-22,2,"Pilot Issue #2: Cursor Architecture Teardown","Substack+Twitter+HN",0,0,0,0,0,0,0,0,0,0,0,"Twitter thread(0),HN Show(0)","PHASE1: Distribution attempted but no live landing page."
1,2026-05-23,3,"Deep-dive thread: 3 Production Mistakes Using Long Context","Twitter+LinkedIn+Substack Note",0,0,0,0,0,0,0,0,0,0,0,"Twitter thread(0),LinkedIn long(0)","PHASE1 STOP GATE: Free subs = 0 (< 10). HALT content spend. See docs/deployment_blockers.md."
2,2026-05-24,1,"AI独立开发者5月新机会：3个被低估的MCP工具","小红书+即刻+3微信群",0,0,0,0,0,0,0,0,0,0,0,"小红书笔记(1),即刻(1),微信群分享(3),DM(5)","PHASE2 START: Zero-infrastructure sprint. No deployment blockers. Target ¥200 in 7 days."
2,2026-05-25,2,"我花了3天测试Cursor Agent模式，这是真实ROI","小红书+知乎",0,0,0,0,0,0,0,0,0,0,0,"小红书笔记(1),知乎回答(1),DM(5)","PHASE2: First收款试探 tomorrow."
2,2026-05-26,3,"副业警报： somebody 用AI客服月入2万的路径拆解","小红书+微信群",0,0,0,0,0,0,0,0,0,0,0,"小红书笔记(1),微信群互动,朋友圈收款试探,DM(5)","PHASE2: Day 3 STOP/ACCEL gate check. Revenue must be > ¥0 OR new_wechat >= 5."
2,2026-05-27,4,"长期上下文 vs RAG：一个架构决策省了我$400/月","小红书+即刻",0,0,0,0,0,0,0,0,0,0,0,"小红书笔记(1),即刻(1),DM(5)","PHASE2: Deploy收款码到朋友圈."
2,2026-05-28,5,"上周我帮一个读者省了2000块推理成本，方法如下","小红书+朋友圈",0,0,0,0,0,0,0,0,0,0,0,"小红书笔记(1),朋友圈转化冲刺,DM(5)","PHASE2: Day 5 CONVERSION PUSH. 私信所有加微用户."
2,2026-05-29,6,"AI赚钱雷达 Week 1 复盘：我实际收到的钱和踩的坑","小红书+即刻",0,0,0,0,0,0,0,0,0,0,0,"小红书笔记(1),即刻长文(1),二期预售,DM(5)","PHASE2: 启动第二期预售."
2,2026-05-30,7,"下周预告 + 本周读者成果展示","小红书+朋友圈",0,0,0,0,0,0,0,0,0,0,0,"小红书笔记(1),朋友圈收尾, testimonial收集,DM(5)","PHASE2: 收尾未付款询单."
2,2026-05-31,8,"REST DAY — data review + retrospective","—",0,0,0,0,0,0,0,0,0,0,0,"Retrospective writeup","PHASE2: Final verdict. Go/No-Go/Pivot for Phase 3."
